business_name,url
Accuvision LASIK,https://www.accuvision.com/

Ekologicall,https://ekologicall.com/?srsltid=AfmBOoon8p-xL3K1daO75vDSGM8tf-jdgMgMwQYzNwPKegAdA5pDUdRY


Ballantyne Jewelers,https://ballantynejewelers.com/

Paper Skyscraper,https://www.paperskyscraper.com/?srsltid=AfmBOoo-ZP3K5Po8NOBXRLjQlV-mOe5tFYccybOEm4fnIfBeM4tSXxXC

Bishops Charlotte Midtown,https://bishops.co/

Brothers Gutters,https://brothersgutters.com/

Trugreen LawnCare Charlotte,https://www.trugreen.com/b/ppc/trugreen-lawn-care?infinity=ict2~net~gaw~ar~806592814001~kw~trugreen%20charlotte~mt~e~cmp~Google%7CUS%7CLawn%7CBrand%7CGeneral~ag~Locations%7CUS%7CLawn%7CBrand%7CExact&MarketingPartner=Google&AdType=CPC&keyword=trugreen%20charlotte&campaign=Google%7CUS%7CLawn%7CBrand%7CGeneral&adcopy=&ptaid=kwd-326601135538&pgrid=195590998729&geoGGL=9009968&&&&&gclsrc=aw.ds&gad_source=1&gad_campaignid=22012044381&gbraid=0AAAAADsjn2_UzYM5BmuXwaQbP5NmV5eRt&gclid=Cj0KCQjwlLDQBhDjARIsAPlIefGqT8togH5vuztxyKYTDwH0f8LFgaa7LVqLRk5l4Y4AiM2UmdJrdNEaAjQqEALw_wcB

Aruza Pest Control,https://www.aruzapest.com/

Carolina Premier Moving,https://carolinapremiermoving.com/



CLT Tree,https://clttree.com/
Sage Pest Control,https://sagepestcontrol.com/


DishCourse,https://dishcourse.com/

Falcone Crawl Space & Structural Repair,https://falconecrawlspace.com/

FastAid Appliance Repair,https://fastaidappliancerepair.com/

Morris-Jenkins,https://morrisjenkins.com/

Gymboree,https://www.gymboreeclasses.com/

Empower Efficiency,http://www.empowerefficiency.com/


Hi-Line Autohaus,https://hilineautohaus.com/

Home Clean Heroes of North Charlotte,https://homecleanheroes.com/

IDEA Lab Kids,https://idealabkids.com/

Boem,https://www.shopboem.com/

Cheat’s Cheesesteaks,https://eatcheats.com/

Jones Dry Cleaning,https://jonesdrycleaning.com/

American Dry Cleaners,https://www.americandrycleaners.net/

Moost Bags,https://moostbags.com/

My Outdoor Joy,https://myoutdoorjoy.com/

NailedIt DIY South Charlotte,https://naileditdiy.com/

The Butcher Market,https://thebutchermarket.com/

Carolina Tiki,https://partypontoon.com/

Urbane South,https://www.urbanesouth.com/

Chosen Charlotte,https://www.chosenapparelboutique.com/?srsltid=AfmBOorsuu5xYjy9ZrW6JA2O74evhSOoqL1idiuAW9GntWEl11GHxVMj

Purifi IV Charlotte,https://purifiiv.com/

Remedy Pest Control,https://remedypestcontrol.com/

Trash & Stash Junk Removal,https://trashandstash.com/

ReVision Charlotte,https://revisioncharlotte.com/

Piedmont Plastics,https://www.piedmontplastics.com/locations/charlotte?srsltid=AfmBOoqm7eIQFRxeQWS8fkeLZfXSuMhFLmYxgs8Oqplob2OsV6PpwLyi

Carolina Premier Moving,https://carolinapremiermovingnc.com/

Small City Farm,https://smallcityfarm.com/

Haven Farm,https://havenfarmnc.com/pages/buy-a-whole-or-half-hog

The Foodie School,https://thefoodieschool.com/

To You Tents,https://toyoutents.com/
